title,price,location,posted,link,ad_id
"Featured ₹ 7,500 1 BHK - 1 Bathroom - 750 sqft One BHK semi furnished flat with covered car parking IDPL Colony, Rishikesh Aug 02","₹ 7,500",Featured,Aug 02,https://www.olx.in/item/for-rent-houses-apartments-c1723-1-bhk-builder-floors-750-sq-ft-in-idpl-colony-rishikesh-iid-1815486549,1815486549
"Featured ₹ 17,500 2 BHK - 2 Bathroom - 1200 sqft 2bhk near ponda kendriya vidyalaya for rent with covered car parking Sindhu Nagar, Ponda Aug 11","₹ 17,500",Featured,Aug 11,https://www.olx.in/item/for-rent-houses-apartments-c1723-2-bhk-apartments-1200-sq-ft-in-sindhu-nagar-ponda-iid-1816507443,1816507443
"Featured ₹ 36,00,000 2 BHK - 2 Bathroom - 896 sqft 2BHK 896Sq. ft. flat  with covered car parking,  for sale in Eden Lake Tollygunge, Kolkata Jul 28","₹ 36,00,000",Featured,Jul 28,https://www.olx.in/item/for-sale-houses-apartments-c1725-2-bhk-apartments-896-sq-ft-in-tollygunge-kolkata-iid-1811282616,1811282616
"₹ 3,00,000 A 5000 SQFT COMMERCIAL OFFICE SPACE WITH COVERED CAR PARK FOR RENT Viman Nagar, Pune Today","₹ 3,00,000","Viman Nagar, Pune",today,https://www.olx.in/item/for-rent-shops-offices-c1731-5000-sq-ft-in-viman-nagar-pune-iid-1805302317,1805302317
"₹ 75,000 2 BHK - 2 Bathroom - 1350 sqft A 1350 SQFT FURNISHED 2BHK FLAT WITH COVERED CAR PARK AVAIL FOR RENT Viman Nagar, Pune Today","₹ 75,000",2 BHK - 2 Bathroom - 1350 sqft,today,https://www.olx.in/item/for-rent-houses-apartments-c1723-2-bhk-apartments-1350-sq-ft-in-viman-nagar-pune-iid-1805288003,1805288003
"₹ 40,000 A 800 SQFT FURNISHED 1BHK FLAT  COVERED CAR PARK AVAILABLE FOR RENT Viman Nagar, Pune Today","₹ 40,000","Viman Nagar, Pune",today,https://www.olx.in/item/for-rent-shops-offices-c1731-800-sq-ft-in-viman-nagar-pune-iid-1804964379,1804964379
"₹ 400 Car Cover Brezza Badkhal, Faridabad Today",₹ 400,Car Cover Brezza,today,https://www.olx.in/item/spare-parts-c1585-other-spare-parts-in-badkhal-faridabad-iid-1817923398,1817923398
"Punch car cover Chenippadi, Kumaranellur Today",,Punch car cover,today,https://www.olx.in/item/other-services-c625-punch-car-cover-in-chenippadi-kumaranellur-iid-1817922234,1817922234
"₹ 1,500 Waterproof,Dust proof car cover Kamala Nagar, Anantapur Today","₹ 1,500","Waterproof,Dust proof car cover",today,https://www.olx.in/item/spare-parts-c1585-audio-other-accessories-in-kamala-nagar-anantapur-iid-1817919279,1817919279
"Jack and car cover Venkateshwara Colony, Hyderabad Today",,Jack and car cover,today,https://www.olx.in/item/other-services-c625-jack-and-car-cover-in-venkateshwara-colony-hyderabad-iid-1817914675,1817914675
"₹ 59,00,000 2 BHK - 2 Bathroom - 727 sqft For rent or Sale 2 BHK with Covered Car parking Padur, Kovalam Today","₹ 59,00,000",2 BHK - 2 Bathroom - 727 sqft,today,https://www.olx.in/item/for-sale-houses-apartments-c1725-2-bhk-apartments-727-sq-ft-in-padur-kovalam-iid-1811296083,1811296083
"₹ 25,000 IT back end office, kakkanad, covered car n bike parking,lift, D G Padivattom, Kochi Today","₹ 25,000","Padivattom, Kochi",today,https://www.olx.in/item/for-rent-shops-offices-c1731-900-sq-ft-in-padivattom-kochi-iid-1801141258,1801141258
"₹ 25,000 IT, Media office, covered car n bike parking, Kakkanad Kochi Chembumukku, Kochi Today","₹ 25,000","Chembumukku, Kochi",today,https://www.olx.in/item/for-rent-shops-offices-c1731-950-sq-ft-in-chembumukku-kochi-iid-1817413699,1817413699
"Covered car parking for rent Saligramam Kaveri Rangan Nagar, Chennai Today",,Covered car parking for rent,today,https://www.olx.in/item/other-services-c625-covered-car-parking-for-rent-in-saligramam-kaveri-rangan-nagar-chennai-iid-1817905220,1817905220
"Car seat cover Auto Nagar, Hyderabad Today",,Car seat cover,today,https://www.olx.in/item/electronics-repair-services-c523-others-in-auto-nagar-hyderabad-iid-1817903156,1817903156
"₹ 699 Brembo brake caliper covers all colours available for all cars Begumpet, Hyderabad Yesterday",₹ 699,"Begumpet, Hyderabad",yesterday,https://www.olx.in/item/spare-parts-c1585-brembo-brake-caliper-covers-all-colours-available-for-all-cars-in-begumpet-hyderabad-iid-1805724400,1805724400
"This is completely car accessories & car seats covers Balanagar, Hyderabad Yesterday",,"Balanagar, Hyderabad",yesterday,https://www.olx.in/item/other-services-c625-this-is-completely-car-accessories-car-seats-covers-in-balanagar-hyderabad-iid-1812203773,1812203773
"₹ 17,000 2 BHK - 2 Bathroom - 800 sqft New flat 2 BHK Flat on Rent with Covered Car Parking Moshi, Pune Yesterday","₹ 17,000",2 BHK - 2 Bathroom - 800 sqft,yesterday,https://www.olx.in/item/for-rent-houses-apartments-c1723-2-bhk-apartments-800-sq-ft-in-moshi-pune-iid-1817880077,1817880077
"₹ 17,000 2 BHK - 2 Bathroom - 800 sqft Rent 2 BHK Flat with Covered Car Parking Moshi, Pune Yesterday","₹ 17,000",2 BHK - 2 Bathroom - 800 sqft,yesterday,https://www.olx.in/item/for-rent-houses-apartments-c1723-2-bhk-apartments-800-sq-ft-in-moshi-pune-iid-1814818764,1814818764
"₹ 9,999 Maruti Suzuki Grand vitara new car rim and wheel cover (set of 4) Sector 21D, Faridabad Yesterday","₹ 9,999","Sector 21D, Faridabad",yesterday,https://www.olx.in/item/spare-parts-c1585-wheels-tyres-in-sector-21d-faridabad-iid-1817309926,1817309926
"Featured ₹ 6,000 Car seat cover Laal Ganesh, Guwahati Aug 10","₹ 6,000",Featured,Aug 10,https://www.olx.in/item/spare-parts-c1585-audio-other-accessories-in-laal-ganesh-guwahati-iid-1816380938,1816380938
"Featured ₹ 47,00,000 2 BHK - 2 Bathroom - 980 sqft 2bhk flat for Sale with covered car parking Pisoli, Pune Aug 08","₹ 47,00,000",Featured,Aug 08,https://www.olx.in/item/for-sale-houses-apartments-c1725-2-bhk-apartments-980-sq-ft-in-pisoli-pune-iid-1816157623,1816157623
"Featured ₹ 500 Car body cover available in wholesale market price Periyamet, Chennai Aug 15",₹ 500,Featured,Aug 15,https://www.olx.in/item/spare-parts-c1585-other-spare-parts-in-periyamet-chennai-iid-1813208782,1813208782
"₹ 800 Altos car cover non usage 800 rs Farakhpur, Yamunanagar Yesterday",₹ 800,Altos car cover non usage 800 rs,yesterday,https://www.olx.in/item/spare-parts-c1585-audio-other-accessories-in-farakhpur-yamunanagar-iid-1817868505,1817868505
"₹ 1,99,00,000 3 BHK - 3 Bathroom - 1800 sqft 3BHK SUPER SPACIOUS VERY BIG FLAT FOR SALE WITH 2 COVERED CAR PARKING Mira Road, Mumbai Yesterday","₹ 1,99,00,000",3 BHK - 3 Bathroom - 1800 sqft,yesterday,https://www.olx.in/item/for-sale-houses-apartments-c1725-3-bhk-apartments-1800-sq-ft-in-mira-road-mumbai-iid-1808973820,1808973820
"₹ 18,000 2 BHK - 2 Bathroom - 941 sqft Spacious 2BHK Flat for Rent – 2nd Floor  Covered Car Parking Pisoli, Pune Yesterday","₹ 18,000",2 BHK - 2 Bathroom - 941 sqft,yesterday,https://www.olx.in/item/for-rent-houses-apartments-c1723-2-bhk-apartments-941-sq-ft-in-pisoli-pune-iid-1815181220,1815181220
"₹ 25,000 2 BHK - 2 Bathroom - 1200 sqft Coimbatore Cheran Ma nagar 2 BHK 2 Bathroom with Covered Car Parking Cheran Maa Nagar, Coimbatore Yesterday","₹ 25,000",2 BHK - 2 Bathroom - 1200 sqft,yesterday,https://www.olx.in/item/for-rent-houses-apartments-c1723-2-bhk-apartments-1200-sq-ft-in-cheran-maa-nagar-coimbatore-iid-1817862688,1817862688
"₹ 1,40,00,000 4+ BHK - 4+ Bathroom - 1948 sqft Independent Villa with Four 1BHk & 2BHk flats and covered car parking Deshbandhu Para, Siliguri Yesterday","₹ 1,40,00,000",4+ BHK - 4+ Bathroom - 1948 sqft,yesterday,https://www.olx.in/item/for-sale-houses-apartments-c1725-4-bhk-houses-villas-1948-sq-ft-in-deshbandhu-para-siliguri-iid-1817849697,1817849697
"₹ 42,50,000 2 BHK - 2 Bathroom - 910 sqft Fully Ventilated 2 BHK Flat With 1 Car Parking Covered Mahindra Enclave, Ghaziabad Yesterday","₹ 42,50,000",2 BHK - 2 Bathroom - 910 sqft,yesterday,https://www.olx.in/item/for-sale-houses-apartments-c1725-2-bhk-builder-floors-910-sq-ft-in-mahindra-enclave-ghaziabad-iid-1817604251,1817604251
"₹ 1,200 car cover available Dhanvantari Nagar, Puducherry Yesterday","₹ 1,200",car cover available,yesterday,https://www.olx.in/item/spare-parts-c1585-car-cover-available-in-dhanvantari-nagar-puducherry-iid-1817828367,1817828367
"₹ 21,000 2 BHK - 2 Bathroom - 900 sqft 2 BHK flat with 2 balcony & Covered Car Parking Punawale, Pune Yesterday","₹ 21,000",2 BHK - 2 Bathroom - 900 sqft,yesterday,https://www.olx.in/item/for-rent-houses-apartments-c1723-2-bhk-apartments-900-sq-ft-in-punawale-pune-iid-1817047903,1817047903
"₹ 1,899 Maruti Fronx Car Seat Cover USED Free Ganj, Ujjain Yesterday","₹ 1,899",Maruti Fronx Car Seat Cover USED,yesterday,https://www.olx.in/item/spare-parts-c1585-maruti-fronx-car-seat-cover-used-in-free-ganj-ujjain-iid-1817813933,1817813933
"Wagon r car cover Sadiq Nagar, Ghaziabad Yesterday",,"Sadiq Nagar, Ghaziabad",yesterday,https://www.olx.in/item/other-services-c625-wagon-r-car-cover-in-sadiq-nagar-ghaziabad-iid-1817812967,1817812967
"₹ 26,000 2 BHK - 2 Bathroom - 900 sqft APARTMENT RENT 26 2 BHK COVERED CAR PARKING LIFT AVAILABLE Mogappair, Chennai Yesterday","₹ 26,000",2 BHK - 2 Bathroom - 900 sqft,yesterday,https://www.olx.in/item/for-rent-houses-apartments-c1723-2-bhk-apartments-900-sq-ft-in-mogappair-chennai-iid-1812480090,1812480090
"₹ 7,800 2 BHK - 2 Bathroom - 800 sqft Wanna rent my 2bhk flat garden facing with cover car parking Kabeer Nagar, Raipur Yesterday","₹ 7,800",2 BHK - 2 Bathroom - 800 sqft,yesterday,https://www.olx.in/item/for-rent-houses-apartments-c1723-2-bhk-apartments-800-sq-ft-in-kabeer-nagar-raipur-iid-1816498799,1816498799
"₹ 900 Car body Cover Moshi, Pune Yesterday",₹ 900,Car body Cover,yesterday,https://www.olx.in/item/spare-parts-c1585-other-spare-parts-in-moshi-pune-iid-1817803490,1817803490
"₹ 25,000 Back end IT office,10+ seat, covered car parking, DG, Kakkanad,EKM Padivattom, Kochi Yesterday","₹ 25,000","Padivattom, Kochi",yesterday,https://www.olx.in/item/for-rent-shops-offices-c1731-950-sq-ft-in-padivattom-kochi-iid-1817273548,1817273548
"₹ 3,800 Car seat cover Moula Ali, Hyderabad Yesterday","₹ 3,800",Car seat cover,yesterday,https://www.olx.in/item/sofa-dining-c1593-car-seat-cover-in-moula-ali-hyderabad-iid-1811011275,1811011275
"₹ 6,000 Car premium seat covers Janiyar Nagar, Ranchi 2 days ago","₹ 6,000",Car premium seat covers,2 days ago,https://www.olx.in/item/spare-parts-c1585-audio-other-accessories-in-janiyar-nagar-ranchi-iid-1817791920,1817791920
"₹ 2,000 All cars side mirror cover abs plastic piano black batman style Akashi Nagar, Guwahati 2 days ago","₹ 2,000","Akashi Nagar, Guwahati",2 days ago,https://www.olx.in/item/spare-parts-c1585-all-cars-side-mirror-cover-abs-plastic-piano-black-batman-style-in-akashi-nagar-guwahati-iid-1810233785,1810233785
"₹ 3,500 Car accessories floor lamination Seat cover string cover dor steps Bhawani Peth, Pune 2 days ago","₹ 3,500","Bhawani Peth, Pune",2 days ago,https://www.olx.in/item/spare-parts-c1585-other-spare-parts-in-bhawani-peth-pune-iid-1817789487,1817789487
"₹ 35,00,000 1 BHK - 1 Bathroom - 650 sqft 1 bhk with covered car parking in a gated sosciety available for sale Shiv Nagar, Pune 2 days ago","₹ 35,00,000",1 BHK - 1 Bathroom - 650 sqft,2 days ago,https://www.olx.in/item/for-sale-houses-apartments-c1725-1-bhk-apartments-650-sq-ft-in-shiv-nagar-pune-iid-1817782778,1817782778
"₹ 1,60,00,000 3 BHK - 3 Bathroom - 1950 sqft 2 Covered Car Park -New 3BHK Individual Home Sale nr Porur Ramachandra Valasaravakkam, Chennai 2 days ago","₹ 1,60,00,000",3 BHK - 3 Bathroom - 1950 sqft,2 days ago,https://www.olx.in/item/for-sale-houses-apartments-c1725-3-bhk-houses-villas-1950-sq-ft-in-valasaravakkam-chennai-iid-1817778968,1817778968
"₹ 1,05,00,000 1 BHK - 2 Bathroom - 780 sqft 1.5Bhk With Covered Car Parking at 1.05Cr++ in Raheja Lunaris Nerul E. Kharghar, Navi Mumbai 2 days ago","₹ 1,05,00,000",1 BHK - 2 Bathroom - 780 sqft,2 days ago,https://www.olx.in/item/for-sale-houses-apartments-c1725-1-bhk-apartments-780-sq-ft-in-kharghar-navi-mumbai-iid-1816492331,1816492331
"₹ 600 Car Wheel Cover 15 Inch - 4 Piece Kavi Nagar Jila Panchayat Colony, Ghaziabad 2 days ago",₹ 600,Car Wheel Cover 15 Inch - 4 Piece,2 days ago,https://www.olx.in/item/spare-parts-c1585-wheels-tyres-in-kavi-nagar-jila-panchayat-colony-ghaziabad-iid-1816577525,1816577525
"₹ 800 Renault KWID Water and scratch proof body/car cover Gachibowli, Hyderabad 2 days ago",₹ 800,"Gachibowli, Hyderabad",2 days ago,https://www.olx.in/item/spare-parts-c1585-audio-other-accessories-in-gachibowli-hyderabad-iid-1816116640,1816116640
"₹ 1,000 Car cover for small cars like eon , alto , maruti 800 Kapoorpur, Ghazipur 2 days ago","₹ 1,000","Kapoorpur, Ghazipur",2 days ago,https://www.olx.in/item/spare-parts-c1585-other-spare-parts-in-kapoorpur-ghazipur-iid-1816209291,1816209291
"₹ 2,200 Big Fully covered Garriage rent for car in Nabapally Barasat- Barrackpore Road, Kolkata 2 days ago","₹ 2,200","Barasat- Barrackpore Road, Kolkata",2 days ago,https://www.olx.in/item/for-rent-shops-offices-c1731-1000-sq-ft-in-barasat-barrackpore-road-kolkata-iid-1817764565,1817764565
"₹ 33,00,111 Newly build 75 Sq yards home with covered car parking Dabua Colony, Faridabad 2 days ago","₹ 33,00,111","Dabua Colony, Faridabad",2 days ago,https://www.olx.in/item/for-sale-houses-apartments-c1725-2-bhk-houses-villas-680-sq-ft-in-dabua-colony-faridabad-iid-1806490193,1806490193
"₹ 33,00,001 2 BHK - 1 Bathroom - 750 sqft 75 Gaj newly constructed home with covered car parking Nangla Gurjan, Faridabad 2 days ago","₹ 33,00,001",2 BHK - 1 Bathroom - 750 sqft,2 days ago,https://www.olx.in/item/for-sale-houses-apartments-c1725-2-bhk-houses-villas-750-sq-ft-in-nangla-gurjan-faridabad-iid-1802577846,1802577846
"₹ 32,000 3 BHK - 2 Bathroom - 1300 sqft Independent house with covered car parking own borewell TC Palya Main Road, Bengaluru 2 days ago","₹ 32,000",3 BHK - 2 Bathroom - 1300 sqft,2 days ago,https://www.olx.in/item/for-rent-houses-apartments-c1723-3-bhk-builder-floors-1300-sq-ft-in-tc-palya-main-road-bengaluru-iid-1817740629,1817740629
"₹ 3,500 Hector  Car seat covers Waterfield Road Bandra West, Mumbai 2 days ago","₹ 3,500",Hector  Car seat covers,2 days ago,https://www.olx.in/item/spare-parts-c1585-hector-car-seat-covers-in-waterfield-road-bandra-west-mumbai-iid-1817738328,1817738328
"₹ 1,00,00,000 4 BHK - 4 Bathroom - 2000 sqft 2000 SQ FT FLAT ALONG WITH ONE COVERED CAR PARKING Purba Barisha, Kolkata 2 days ago","₹ 1,00,00,000",4 BHK - 4 Bathroom - 2000 sqft,2 days ago,https://www.olx.in/item/for-sale-houses-apartments-c1725-4-bhk-apartments-2000-sq-ft-in-purba-barisha-kolkata-iid-1817736198,1817736198
"₹ 4,000 COVERED CAR PARKING WITH CCTV PROTECTION FOR RENT IN ROYAPETTAH Royapettah, Chennai 2 days ago","₹ 4,000","Royapettah, Chennai",2 days ago,https://www.olx.in/item/for-rent-houses-apartments-c1723-apartments-700-sq-ft-in-royapettah-chennai-iid-1817735767,1817735767
"₹ 1,800 Car Cover for maruthi swift dezire Aishwarya Crystal Layout, Bengaluru 2 days ago","₹ 1,800",Car Cover for maruthi swift dezire,2 days ago,https://www.olx.in/item/kitchen-other-appliances-c1417-car-cover-for-maruthi-swift-dezire-in-aishwarya-crystal-layout-bengaluru-iid-1817735705,1817735705
"₹ 1,199 A cover of swift car Bhav Nagar, Bechar Alias Becharaji 2 days ago","₹ 1,199",A cover of swift car,2 days ago,https://www.olx.in/item/spare-parts-c1585-other-spare-parts-in-bhav-nagar-bechar-alias-becharaji-iid-1817725443,1817725443
"₹ 45,00,000 2 BHK - 1 Bathroom - 900 sqft 107 Gaj home with covered car parking near by main market Jawahar Colony, Faridabad 2 days ago","₹ 45,00,000",2 BHK - 1 Bathroom - 900 sqft,2 days ago,https://www.olx.in/item/for-sale-houses-apartments-c1725-2-bhk-houses-villas-900-sq-ft-in-jawahar-colony-faridabad-iid-1789276286,1789276286
"₹ 3,60,000 2014 - 64,000 km Well maintained neat and clean car. costly seat cover. smooth engine Chithali, Palakkad 2 days ago","₹ 3,60,000","2014 - 64,000 km",2 days ago,https://www.olx.in/item/cars-c84-used-maruti-suzuki-ritz-in-chithali-palakkad-iid-1817711309,1817711309
"₹ 1,850 Car body cover Marwar Peth, Baramati 2 days ago","₹ 1,850",Car body cover,2 days ago,https://www.olx.in/item/spare-parts-c1585-other-spare-parts-in-marwar-peth-baramati-iid-1817706488,1817706488
"₹ 99,30,998 2 BHK - 2 Bathroom - 960 sqft Two bhk wid covered car parking lift in janakpuri nr metro park facing Vikaspuri, Delhi 2 days ago","₹ 99,30,998",2 BHK - 2 Bathroom - 960 sqft,2 days ago,https://www.olx.in/item/for-sale-houses-apartments-c1725-2-bhk-apartments-960-sq-ft-in-vikaspuri-delhi-iid-1805661816,1805661816
"₹ 2,999 All cars side mirror batman cover abs plastic piano black Ashok Nagar, Vijayawada 3 days ago","₹ 2,999","Ashok Nagar, Vijayawada",3 days ago,https://www.olx.in/item/spare-parts-c1585-all-cars-side-mirror-batman-cover-abs-plastic-piano-black-in-ashok-nagar-vijayawada-iid-1812853041,1812853041
"₹ 2,500 All cars side mirror cover batman style abs Chembur, Mumbai 3 days ago","₹ 2,500","Chembur, Mumbai",3 days ago,https://www.olx.in/item/spare-parts-c1585-all-cars-side-mirror-cover-batman-style-abs-in-chembur-mumbai-iid-1812311995,1812311995
"₹ 11,000 3 BHK - 2 Bathroom - 1800 sqft 3BHK with covered car parking +front and back lawn Vijay Nagar, Rewari 3 days ago","₹ 11,000",3 BHK - 2 Bathroom - 1800 sqft,3 days ago,https://www.olx.in/item/for-rent-houses-apartments-c1723-3-bhk-houses-villas-1800-sq-ft-in-vijay-nagar-rewari-iid-1817667209,1817667209
"₹ 750 15 INCH WHEEL COVER SET OF TWO FOR CAR FOR JUST 750RS Virar West, Mumbai 3 days ago",₹ 750,"Virar West, Mumbai",3 days ago,https://www.olx.in/item/spare-parts-c1585-wheels-tyres-in-virar-west-mumbai-iid-1817664247,1817664247
"₹ 5,500 Car seat cover hyd Ranigunj, Secunderabad 3 days ago","₹ 5,500",Car seat cover hyd,3 days ago,https://www.olx.in/item/spare-parts-c1585-audio-other-accessories-in-ranigunj-secunderabad-iid-1817662474,1817662474
"₹ 10,000 3 BHK - 3 Bathroom - 1200 sqft 3BHK First Floor for Rent in Thirumala with Covered Car Parking Thirumala, Thiruvananthapuram 3 days ago","₹ 10,000",3 BHK - 3 Bathroom - 1200 sqft,3 days ago,https://www.olx.in/item/for-rent-houses-apartments-c1723-3-bhk-houses-villas-1200-sq-ft-in-thirumala-thiruvananthapuram-iid-1817329897,1817329897
"₹ 33,00,100 2 BHK - 1 Bathroom - 713 sqft 75 gaj home with covered car parking near sohna road highway Jawahar Colony, Faridabad 3 days ago","₹ 33,00,100",2 BHK - 1 Bathroom - 713 sqft,3 days ago,https://www.olx.in/item/for-sale-houses-apartments-c1725-2-bhk-houses-villas-713-sq-ft-in-jawahar-colony-faridabad-iid-1787652614,1787652614
"₹ 31,00,000 1 BHK - 2 Bathroom - 712 sqft 1bhk with cover car parking Taloja Panchanand, Navi Mumbai 3 days ago","₹ 31,00,000",1 BHK - 2 Bathroom - 712 sqft,3 days ago,https://www.olx.in/item/for-sale-houses-apartments-c1725-1-bhk-apartments-712-sq-ft-in-taloja-panchanand-navi-mumbai-iid-1814391763,1814391763
"₹ 53,90,000 2 BHK - 2 Bathroom - 1240 sqft 2 BHK 1240 SQFT ,WITH STORE,COVERED CAR PARKING POWER BACKUP FOR SALE Sector 127, Mohali 3 days ago","₹ 53,90,000",2 BHK - 2 Bathroom - 1240 sqft,3 days ago,https://www.olx.in/item/for-sale-houses-apartments-c1725-2-bhk-apartments-1240-sq-ft-in-sector-127-mohali-iid-1807258846,1807258846
"₹ 999 CAR COVER SWIFT VDI Madhuram, Junagadh 3 days ago",₹ 999,CAR COVER SWIFT VDI,3 days ago,https://www.olx.in/item/spare-parts-c1585-audio-other-accessories-in-madhuram-junagadh-iid-1817587472,1817587472
"₹ 46,99,999 3 BHK - 2 Bathroom - 1350 sqft 3 BHK luxury independent floor with lift covered car parking Govindpuram, Ghaziabad 3 days ago","₹ 46,99,999",3 BHK - 2 Bathroom - 1350 sqft,3 days ago,https://www.olx.in/item/for-sale-houses-apartments-c1725-3-bhk-builder-floors-1350-sq-ft-in-govindpuram-ghaziabad-iid-1787565848,1787565848
"₹ 4,500 Car seat covers  vsp Seetamma Peta, Visakhapatnam 3 days ago","₹ 4,500",Car seat covers  vsp,3 days ago,https://www.olx.in/item/spare-parts-c1585-audio-other-accessories-in-seetamma-peta-visakhapatnam-iid-1800631034,1800631034
"₹ 13,000 Car seat covers  vsp Seetamma Peta, Visakhapatnam 3 days ago","₹ 13,000",Car seat covers  vsp,3 days ago,https://www.olx.in/item/spare-parts-c1585-audio-other-accessories-in-seetamma-peta-visakhapatnam-iid-1800731891,1800731891
"₹ 3,50,00,000 3 BHK - 3 Bathroom - 1900 sqft Specious 3bhk 1200 Carpet with 2 Covered Car Park in Raheja at 3.5Cr+ Palm Beach Road, Navi Mumbai 3 days ago","₹ 3,50,00,000",3 BHK - 3 Bathroom - 1900 sqft,3 days ago,https://www.olx.in/item/for-sale-houses-apartments-c1725-3-bhk-apartments-1900-sq-ft-in-palm-beach-road-navi-mumbai-iid-1816309659,1816309659
"₹ 1,12,00,000 1 BHK - 2 Bathroom - 740 sqft 1.5Bhk Flat With Covered Car Parking at 1.12Cr+ in Nerul East Navi Mum Anushakti Nagar, Mumbai 3 days ago","₹ 1,12,00,000",1 BHK - 2 Bathroom - 740 sqft,3 days ago,https://www.olx.in/item/for-sale-houses-apartments-c1725-1-bhk-apartments-740-sq-ft-in-anushakti-nagar-mumbai-iid-1816309491,1816309491
"₹ 21,100 2 BHK - 2 Bathroom - 1200 sqft 2 bhk independent flat for rent with covered car parking in Green city Patthribagh, Dehradun 4 days ago","₹ 21,100",2 BHK - 2 Bathroom - 1200 sqft,4 days ago,https://www.olx.in/item/for-rent-houses-apartments-c1723-2-bhk-apartments-1200-sq-ft-in-patthribagh-dehradun-iid-1815215228,1815215228
"₹ 2,499 All cars side mirror batman cover abs plastic piano black Gangtok Private Estate, Gangtok 4 days ago","₹ 2,499","Gangtok Private Estate, Gangtok",4 days ago,https://www.olx.in/item/spare-parts-c1585-all-cars-side-mirror-batman-cover-abs-plastic-piano-black-in-gangtok-private-estate-gangtok-iid-1804943156,1804943156
"₹ 2,500 All cars side mirror cover batman style abs plastic piano black Anna Nagar, Madurai 4 days ago","₹ 2,500","Anna Nagar, Madurai",4 days ago,https://www.olx.in/item/spare-parts-c1585-all-cars-side-mirror-cover-batman-style-abs-plastic-piano-black-in-anna-nagar-madurai-iid-1802991925,1802991925
"₹ 27,58,000 1 BHK - 1 Bathroom - 750 sqft 1bhk Semi furnished with covered car parking at noida extension sec-1. Gaur Chowk, Greater Noida 4 days ago","₹ 27,58,000",1 BHK - 1 Bathroom - 750 sqft,4 days ago,https://www.olx.in/item/for-sale-houses-apartments-c1725-1-bhk-apartments-750-sq-ft-in-gaur-chowk-greater-noida-iid-1817559790,1817559790
"₹ 12,000 2 BHK - 2 Bathroom - 2250 sqft 2Bhk Semi Furnished Independent Ground Floor With Covered Car Parking Ballabhgarh Sector 62, Faridabad 4 days ago","₹ 12,000",2 BHK - 2 Bathroom - 2250 sqft,4 days ago,https://www.olx.in/item/for-rent-houses-apartments-c1723-2-bhk-builder-floors-2250-sq-ft-in-ballabhgarh-sector-62-faridabad-iid-1817542610,1817542610
"₹ 85,00,000 3 BHK - 3 Bathroom - 1485 sqft Villas for sale at kovilancheri .Specious design ,covered car parking! Kovilancheri, Chennai 4 days ago","₹ 85,00,000",3 BHK - 3 Bathroom - 1485 sqft,4 days ago,https://www.olx.in/item/for-sale-houses-apartments-c1725-3-bhk-houses-villas-1485-sq-ft-in-kovilancheri-chennai-iid-1817541513,1817541513
"₹ 3,90,000 2013 - 49,666 km Honda City- Cruiz Control, Power Steering, Power Break, Leather Cover. Dwarka Sector 22, Delhi 4 days ago","₹ 3,90,000","2013 - 49,666 km",4 days ago,https://www.olx.in/item/cars-c84-used-honda-city-in-dwarka-sector-22-delhi-iid-1816283487,1816283487
"₹ 1,200 Car wheel cover 14 Do Nali Chowk, Natthuwa Wala 4 days ago","₹ 1,200",Car wheel cover 14,4 days ago,https://www.olx.in/item/spare-parts-c1585-wheels-tyres-in-do-nali-chowk-natthuwa-wala-iid-1817536047,1817536047
"₹ 54,00,000 2 BHK - 2 Bathroom - 1000 sqft 2bhk & Covered Car Parking-SALE Chikhali, Pune 4 days ago","₹ 54,00,000",2 BHK - 2 Bathroom - 1000 sqft,4 days ago,https://www.olx.in/item/for-sale-houses-apartments-c1725-2-bhk-apartments-1000-sq-ft-in-chikhali-pune-iid-1816950892,1816950892
"₹ 1,100 Car cover for Maruti Dzire!! Dange Chowk Road, Pune 4 days ago","₹ 1,100",Car cover for Maruti Dzire!!,4 days ago,https://www.olx.in/item/other-household-items-c293-car-cover-for-maruti-dzire-in-dange-chowk-road-pune-iid-1746532551,1746532551
"₹ 33,00,020 2 BHK - 2 Bathroom - 703 sqft 75 Gaj home with covered car parking Jawahar Colony, Faridabad 4 days ago","₹ 33,00,020",2 BHK - 2 Bathroom - 703 sqft,4 days ago,https://www.olx.in/item/for-sale-houses-apartments-c1725-2-bhk-houses-villas-703-sq-ft-in-jawahar-colony-faridabad-iid-1817077364,1817077364
"₹ 600 Car studio cover Deonghat, Solan 4 days ago",₹ 600,Car studio cover,4 days ago,https://www.olx.in/item/spare-parts-c1585-other-spare-parts-in-deonghat-solan-iid-1817501847,1817501847
"₹ 13,500 Brand New 16 inch Steel Car Wheel Rims 4 Nos with VW Wheel Covers Pendurthi, Visakhapatnam 4 days ago","₹ 13,500","Pendurthi, Visakhapatnam",4 days ago,https://www.olx.in/item/spare-parts-c1585-wheels-tyres-in-pendurthi-visakhapatnam-iid-1817374285,1817374285
"₹ 71,90,000 3 BHK - 3 Bathroom - 1350 sqft 72 LAKH 3BHK READY TO MOVE WITH LIFT AND COVER CAR PARKING Airport Road, Mohali 4 days ago","₹ 71,90,000",3 BHK - 3 Bathroom - 1350 sqft,4 days ago,https://www.olx.in/item/for-sale-houses-apartments-c1725-3-bhk-apartments-1350-sq-ft-in-airport-road-mohali-iid-1817138129,1817138129
"₹ 17,000 3 x 2 siter Wooden sofa for sale with Gadi and cover Chandra Darshan Society, Bharuch 4 days ago","₹ 17,000","Chandra Darshan Society, Bharuch",4 days ago,https://www.olx.in/item/sofa-dining-c1593-3-x-2-siter-wooden-sofa-for-sale-with-gadi-and-cover-in-chandra-darshan-society-bharuch-iid-1817487273,1817487273
"₹ 20000 - 30000 | Monthly Car seat cover master Dawood Nagar, Melvisharam 4 days ago",₹ 20000,Car seat cover master,4 days ago,https://www.olx.in/item/other-jobs-c65-full-time-in-dawood-nagar-melvisharam-iid-1817484185,1817484185
"₹ 2,000 Swift Car Cover Waterproof Babai, Rajasthan 4 days ago","₹ 2,000",Swift Car Cover Waterproof,4 days ago,https://www.olx.in/item/spare-parts-c1585-other-spare-parts-in-babai-rajasthan-iid-1817478488,1817478488
"₹ 1,90,00,000 3 BHK - 2 Bathroom - 1350 sqft 3bhk MICL (1.85 All inclusive) With 1 Alloted covered car park Dahisar East, Mumbai 4 days ago","₹ 1,90,00,000",3 BHK - 2 Bathroom - 1350 sqft,4 days ago,https://www.olx.in/item/for-sale-houses-apartments-c1725-3-bhk-apartments-1350-sq-ft-in-dahisar-east-mumbai-iid-1763316022,1763316022
"₹ 1,00,00,000 3 BHK - 3 Bathroom - 1250 sqft For Sale 3BHK Luxury Builder Flat with Lift & covered Car Parking Indirapuram Niti Khand 1, Ghaziabad 4 days ago","₹ 1,00,00,000",3 BHK - 3 Bathroom - 1250 sqft,4 days ago,https://www.olx.in/item/for-sale-houses-apartments-c1725-3-bhk-builder-floors-1250-sq-ft-in-indirapuram-niti-khand-1-ghaziabad-iid-1811039886,1811039886
"₹ 86,00,000 2 BHK - 2 Bathroom - 950 sqft valasaravakkam resale appartment sale,2bhk covered car parking Valasaravakkam, Chennai 4 days ago","₹ 86,00,000",2 BHK - 2 Bathroom - 950 sqft,4 days ago,https://www.olx.in/item/for-sale-houses-apartments-c1725-2-bhk-apartments-950-sq-ft-in-valasaravakkam-chennai-iid-1791375529,1791375529
"₹ 9,000 2 BHK - 2 Bathroom - 1200 sqft Newly constructed 2BHK houses with covered car parking Akkiyampatti, Senthamangalam 5 days ago","₹ 9,000",2 BHK - 2 Bathroom - 1200 sqft,5 days ago,https://www.olx.in/item/for-rent-houses-apartments-c1723-2-bhk-houses-villas-1200-sq-ft-in-akkiyampatti-senthamangalam-iid-1816367628,1816367628
"₹ 7,000 Cars Seat Cover , Lamination mat , All Car accessories Ruavshpur, Patna 5 days ago","₹ 7,000","Ruavshpur, Patna",5 days ago,https://www.olx.in/item/spare-parts-c1585-other-spare-parts-in-ruavshpur-patna-iid-1817463716,1817463716
"₹ 4,20,000 2015 - 80,000 km Honda Amaze 2015 ,2 key ,seat cover Maqbool Pura, Amritsar 5 days ago","₹ 4,20,000","2015 - 80,000 km",5 days ago,https://www.olx.in/item/cars-c84-used-honda-amaze-in-maqbool-pura-amritsar-iid-1817174476,1817174476
"₹ 1,800 Roger car driver seat cover with Lumbar back support Vijaykar Wadi, Mumbai 5 days ago","₹ 1,800","Vijaykar Wadi, Mumbai",5 days ago,https://www.olx.in/item/spare-parts-c1585-other-spare-parts-in-vijaykar-wadi-mumbai-iid-1817448529,1817448529
"₹ 2,500 Nexon car cover Hari Enclave, Delhi 5 days ago","₹ 2,500",Nexon car cover,5 days ago,https://www.olx.in/item/spare-parts-c1585-other-spare-parts-in-hari-enclave-delhi-iid-1817432270,1817432270
"₹ 2,999 KIA CAR SEAT COVERS Choolai, Chennai 5 days ago","₹ 2,999",KIA CAR SEAT COVERS,5 days ago,https://www.olx.in/item/spare-parts-c1585-other-spare-parts-in-choolai-chennai-iid-1817401648,1817401648
"₹ 1,100 Car cover for Maruti dzire Datta Mandir Road, Pune 5 days ago","₹ 1,100",Car cover for Maruti dzire,5 days ago,https://www.olx.in/item/other-household-items-c293-car-cover-for-maruti-dzire-in-datta-mandir-road-pune-iid-1807362445,1807362445
"₹ 500 Car cover new ek bhi baar use ni hua hai. Kakadev, Kanpur 5 days ago",₹ 500,"Kakadev, Kanpur",5 days ago,https://www.olx.in/item/spare-parts-c1585-other-spare-parts-in-kakadev-kanpur-iid-1817379140,1817379140
"MODERN manufactur car seat cover Narsingi, Hyderabad 5 days ago",,MODERN manufactur car seat cover,5 days ago,https://www.olx.in/item/other-services-c625-modern-manufactur-car-seat-cover-in-narsingi-hyderabad-iid-1776374025,1776374025
"₹ 90,00,000 2 BHK - 2 Bathroom - 850 sqft Mylapore two bed room first floor flat sale lift covered car parking Mylapore, Chennai 5 days ago","₹ 90,00,000",2 BHK - 2 Bathroom - 850 sqft,5 days ago,https://www.olx.in/item/for-sale-houses-apartments-c1725-2-bhk-apartments-850-sq-ft-in-mylapore-chennai-iid-1815314614,1815314614
"modern manufactur car seat cover and full floor mat Gachibowli, Hyderabad 5 days ago",,"Gachibowli, Hyderabad",5 days ago,https://www.olx.in/item/other-services-c625-modern-manufactur-car-seat-cover-and-full-floor-mat-in-gachibowli-hyderabad-iid-1791747352,1791747352
"COVERED CAR PARKING AREA FOR RENT WITH GOOD SECURITY NEAR PORUR Porur, Chennai 6 days ago",,"Porur, Chennai",6 days ago,https://www.olx.in/item/other-services-c625-covered-car-parking-area-for-rent-with-good-security-near-porur-in-porur-chennai-iid-1808899843,1808899843
"₹ 4,10,000 2016 - 43,540 km Single Owner  Scratchless Silver Car  New Tyres & Seat Covers Dariba kalan, Delhi 6 days ago","₹ 4,10,000","2016 - 43,540 km",6 days ago,https://www.olx.in/item/cars-c84-used-maruti-suzuki-baleno-in-dariba-kalan-delhi-iid-1817327901,1817327901
"₹ 1,500 Brand new Indico ecs car body cover for urgent sale Telco Lake Town, Jamshedpur 6 days ago","₹ 1,500","Telco Lake Town, Jamshedpur",6 days ago,https://www.olx.in/item/spare-parts-c1585-other-spare-parts-in-telco-lake-town-jamshedpur-iid-1817301721,1817301721
"₹ 6000 - 12000 | Monthly Car seat cover and accessories fitter Dosar Bhyan Square, Nagpur 6 days ago",₹ 6000,Car seat cover and accessories fitter,6 days ago,https://www.olx.in/item/operator-technician-c731-full-time-in-dosar-bhyan-square-nagpur-iid-1817301180,1817301180
"₹ 5,000 Bolero arm rest and car cover Johnsonpet, Salem 6 days ago","₹ 5,000",Bolero arm rest and car cover,6 days ago,https://www.olx.in/item/spare-parts-c1585-other-spare-parts-in-johnsonpet-salem-iid-1817285535,1817285535
"Car seat covers and flooring mats RT Nagar, Bengaluru 6 days ago",,Car seat covers and flooring mats,6 days ago,https://www.olx.in/item/other-services-c625-car-seat-covers-and-flooring-mats-in-rt-nagar-bengaluru-iid-1804307309,1804307309
"₹ 9,000 2 BHK - 2 Bathroom - 809 sqft 2 BHK flat for Rent with optional independent covered car parking Rajarhat, Kolkata 6 days ago","₹ 9,000",2 BHK - 2 Bathroom - 809 sqft,6 days ago,https://www.olx.in/item/for-rent-houses-apartments-c1723-2-bhk-apartments-809-sq-ft-in-rajarhat-kolkata-iid-1817270297,1817270297
"₹ 5,000 ALTO ORIGINAL LEATHER SEAT COVER FOOT MAT AND CAR COVER Uttar Krishnapur Part 4, Silchar 6 days ago","₹ 5,000","Uttar Krishnapur Part 4, Silchar",6 days ago,https://www.olx.in/item/sofa-dining-c1593-alto-original-leather-seat-cover-foot-mat-and-car-cover-in-uttar-krishnapur-part-4-silchar-iid-1805007568,1805007568
"₹ 1,000 Luxury Car Covers for iPhone 13 Pro Ghatkopar East, Mumbai Aug 18","₹ 1,000",Luxury Car Covers for iPhone 13 Pro,Aug 18,https://www.olx.in/item/accessories-c1457-mobile-in-ghatkopar-east-mumbai-iid-1809318027,1809318027
"₹ 500 Car rain protection Cover Moshi, Pune Aug 18",₹ 500,Car rain protection Cover,Aug 18,https://www.olx.in/item/spare-parts-c1585-audio-other-accessories-in-moshi-pune-iid-1817203504,1817203504
"₹ 3,000 Only Covered car Parking space for rent Velacheri, Chennai Aug 18","₹ 3,000",Only Covered car Parking space for rent,Aug 18,https://www.olx.in/item/for-rent-houses-apartments-c1723-apartments-350-sq-ft-in-velacheri-chennai-iid-1816825764,1816825764
"₹ 20,00,000 2 BHK - 2 Bathroom - 756 sqft Puzhal 2 BHK Flat for Sale with Covered Car Parking Pozhal Puzhal, Chennai Aug 18","₹ 20,00,000",2 BHK - 2 Bathroom - 756 sqft,Aug 18,https://www.olx.in/item/for-sale-houses-apartments-c1725-2-bhk-apartments-756-sq-ft-in-pozhal-puzhal-chennai-iid-1815548860,1815548860
"₹ 4,000 Swift 3rd gen car matt and car full cover available Maraimalai Nagar, Singaperumalkoil Aug 18","₹ 4,000","Maraimalai Nagar, Singaperumalkoil",Aug 18,https://www.olx.in/item/spare-parts-c1585-audio-other-accessories-in-maraimalai-nagar-singaperumalkoil-iid-1817148767,1817148767
"₹ 1,60,000 2010 - 165,000 km car bilkul new jaisi 4tyre seat cover new paper 05/2031 tak tiptop car Naiganj, Jaunpur Aug 18","₹ 1,60,000","2010 - 165,000 km",Aug 18,https://www.olx.in/item/cars-c84-used-maruti-suzuki-ritz-in-naiganj-jaunpur-iid-1817148538,1817148538
"₹ 300 Flag rod with cover for car Salman Colony, Roorkee Aug 17",₹ 300,Flag rod with cover for car,Aug 17,https://www.olx.in/item/spare-parts-c1585-other-spare-parts-in-salman-colony-roorkee-iid-1817129627,1817129627
"₹ 200 Car flag rod cover Radio Colony, Indore Aug 17",₹ 200,Car flag rod cover,Aug 17,https://www.olx.in/item/spare-parts-c1585-other-spare-parts-in-radio-colony-indore-iid-1815754595,1815754595
"₹ 1,600 Honda amaze car seat cover for sale. Off Sarjapur Road, Bengaluru Aug 17","₹ 1,600",Honda amaze car seat cover for sale.,Aug 17,https://www.olx.in/item/spare-parts-c1585-other-spare-parts-in-off-sarjapur-road-bengaluru-iid-1817103277,1817103277
"₹ 54,86,800 2 BHK - 2 Bathroom - 946 sqft Lift , Covered Car parking , CCTV facility,  Gated Community Thoraipakkam, Chennai Aug 17","₹ 54,86,800",2 BHK - 2 Bathroom - 946 sqft,Aug 17,https://www.olx.in/item/for-sale-houses-apartments-c1725-2-bhk-apartments-946-sq-ft-in-thoraipakkam-chennai-iid-1790552159,1790552159
"₹ 900 Car Cover for Venue New Model Bodakdev, Ahmedabad Aug 17",₹ 900,Car Cover for Venue New Model,Aug 17,https://www.olx.in/item/spare-parts-c1585-audio-other-accessories-in-bodakdev-ahmedabad-iid-1815616266,1815616266
"Car premium seat covers and full floring mat available Attapur, Hyderabad Aug 16",,"Attapur, Hyderabad Aug 16",Aug 16,https://www.olx.in/item/other-services-c625-car-premium-seat-covers-and-full-floring-mat-available-in-attapur-hyderabad-iid-1817016471,1817016471
"₹ 54,14,400 2 BHK - 2 Bathroom - 764 sqft Kolathur - Laxmi Puram 2 BHK Flat for Sale with Covered Car Parking Madhavaram, Chennai Aug 16","₹ 54,14,400",2 BHK - 2 Bathroom - 764 sqft,Aug 16,https://www.olx.in/item/for-sale-houses-apartments-c1725-2-bhk-apartments-764-sq-ft-in-madhavaram-chennai-iid-1815607140,1815607140
"₹ 30,00,000 2 BHK - 2 Bathroom - 893 sqft Aadhanur 2 BHK Residential Flat for Sale with Covered Car Parking Maraimalai Nagar, Chennai Aug 16","₹ 30,00,000",2 BHK - 2 Bathroom - 893 sqft,Aug 16,https://www.olx.in/item/for-sale-houses-apartments-c1725-2-bhk-apartments-893-sq-ft-in-maraimalai-nagar-chennai-iid-1815764304,1815764304
"₹ 75,00,000 2 BHK - 2 Bathroom - 1250 sqft Urapakkam 2 BHK Flat for Sale with Covered Car Parking Urapakkam, Chennai Aug 16","₹ 75,00,000",2 BHK - 2 Bathroom - 1250 sqft,Aug 16,https://www.olx.in/item/for-sale-houses-apartments-c1725-2-bhk-apartments-1250-sq-ft-in-urapakkam-chennai-iid-1816508367,1816508367
"₹ 1,500 Hatchback model - wagon r VXI New Car cover for sale HBR Layout, Bengaluru Aug 16","₹ 1,500","HBR Layout, Bengaluru Aug 16",Aug 16,https://www.olx.in/item/spare-parts-c1585-other-spare-parts-in-hbr-layout-bengaluru-iid-1816369046,1816369046
"₹ 301 Wheels cover for all cars Nangloi, Delhi Aug 16",₹ 301,Wheels cover for all cars,Aug 16,https://www.olx.in/item/spare-parts-c1585-wheels-tyres-in-nangloi-delhi-iid-1814792818,1814792818
"₹ 500 Car cover (Wagon R) Infocity, Gandhinagar Aug 16",₹ 500,"Infocity, Gandhinagar Aug 16",Aug 16,https://www.olx.in/item/spare-parts-c1585-audio-other-accessories-in-infocity-gandhinagar-iid-1816981729,1816981729
"₹ 350 Brand New 4-Button Smart Car Key Cover Sector 80, Gurgaon Aug 16",₹ 350,Brand New 4-Button Smart Car Key Cover,Aug 16,https://www.olx.in/item/spare-parts-c1585-other-spare-parts-in-sector-80-gurgaon-iid-1816974349,1816974349
"₹ 1,000 XUV700 Brand new car cover Indirapuram, Ghaziabad Aug 16","₹ 1,000",XUV700 Brand new car cover,Aug 16,https://www.olx.in/item/spare-parts-c1585-xuv700-brand-new-car-cover-in-indirapuram-ghaziabad-iid-1816974031,1816974031
"₹ 2,000 Heavy duty car cover for Scorpio N Hosa Road, Bengaluru Aug 16","₹ 2,000",Heavy duty car cover for Scorpio N,Aug 16,https://www.olx.in/item/spare-parts-c1587-heavy-duty-car-cover-for-scorpio-n-in-hosa-road-bengaluru-iid-1816335194,1816335194
"₹ 85,00,000 4 BHK - 4+ Bathroom - 1916 sqft 4BHK,5 Washroom, North Facing ,2 car Covered parking, AdequatSun light Bill Road, Vadodara Aug 16","₹ 85,00,000",4 BHK - 4+ Bathroom - 1916 sqft,Aug 16,https://www.olx.in/item/for-sale-houses-apartments-c1725-4-bhk-apartments-1916-sq-ft-in-bill-road-vadodara-iid-1816477033,1816477033
"₹ 1,500 Car cover black Adyar Parameshwari Nagar, Chennai Aug 16","₹ 1,500",Car cover black,Aug 16,https://www.olx.in/item/spare-parts-c1585-other-spare-parts-in-adyar-parameshwari-nagar-chennai-iid-1816964095,1816964095
"₹ 13,000 2 BHK - 2 Bathroom - 1000 sqft 2 bhk apartment with 2 attached bathroom with covered car parking SA Nagar, Karaikal Aug 16","₹ 13,000",2 BHK - 2 Bathroom - 1000 sqft,Aug 16,https://www.olx.in/item/for-rent-houses-apartments-c1723-2-bhk-apartments-1000-sq-ft-in-sa-nagar-karaikal-iid-1809488776,1809488776
"₹ 2,000 Car Seat Cover PU Leather  Compatible with Tata Tiago & Tegore Katrapota, Bardhaman Aug 16","₹ 2,000","Katrapota, Bardhaman Aug 16",Aug 16,https://www.olx.in/item/spare-parts-c1585-other-spare-parts-in-katrapota-bardhaman-iid-1816945353,1816945353
"₹ 14,000 3 BHK - 2 Bathroom - 1200 sqft 3 BHK 1200 Sq Ft Flat with covered car parking in Tarulia Kestopur Keshtopur, Kolkata Aug 15","₹ 14,000",3 BHK - 2 Bathroom - 1200 sqft,Aug 15,https://www.olx.in/item/for-rent-houses-apartments-c1723-3-bhk-apartments-1200-sq-ft-in-keshtopur-kolkata-iid-1816926632,1816926632
"₹ 2,500 Hella commit 550 auxiliary lights, figo 2012 car cover Padur, Kovalam Aug 15","₹ 2,500","Padur, Kovalam Aug 15",Aug 15,https://www.olx.in/item/spare-parts-c1585-other-spare-parts-in-padur-kovalam-iid-1816247234,1816247234
"₹ 20,000 2 BHK - 2 Bathroom - 1150 sqft 2 Bedroom, hall, kitchen, covered car parking (Family only) Madambakkam, Tambaram Aug 15","₹ 20,000",2 BHK - 2 Bathroom - 1150 sqft,Aug 15,https://www.olx.in/item/for-rent-houses-apartments-c1723-2-bhk-houses-villas-1150-sq-ft-in-madambakkam-tambaram-iid-1814847772,1814847772
"₹ 600 Maruti suzuki car cover available Arundelpet, Narasaraopet Aug 15",₹ 600,Maruti suzuki car cover available,Aug 15,https://www.olx.in/item/spare-parts-c1585-other-spare-parts-in-arundelpet-narasaraopet-iid-1816873055,1816873055
"₹ 18,000 2 BHK - 3 Bathroom - 1200 sqft 2Bhk with cover car park Kolathur, Chennai Aug 15","₹ 18,000",2 BHK - 3 Bathroom - 1200 sqft,Aug 15,https://www.olx.in/item/for-rent-houses-apartments-c1723-2-bhk-houses-villas-1200-sq-ft-in-kolathur-chennai-iid-1816872839,1816872839
"₹ 13,100 2 BHK - 1 Bathroom - 950 sqft 2BHK with spacious dining/drawing, a balcony and a covered car parking Nayabad, Kolkata Aug 15","₹ 13,100",2 BHK - 1 Bathroom - 950 sqft,Aug 15,https://www.olx.in/item/for-rent-houses-apartments-c1723-2-bhk-apartments-950-sq-ft-in-nayabad-kolkata-iid-1816850180,1816850180
"₹ 600 Alto car cover Dwarka Mor, Delhi Aug 15",₹ 600,Alto car cover,Aug 15,https://www.olx.in/item/spare-parts-c1585-audio-other-accessories-in-dwarka-mor-delhi-iid-1816848529,1816848529
"₹ 17,000 2 BHK - 2 Bathroom - 1200 sqft Independent furnished house with covered car parking in Edaplally town Edapally, Kochi Aug 15","₹ 17,000",2 BHK - 2 Bathroom - 1200 sqft,Aug 15,https://www.olx.in/item/for-rent-houses-apartments-c1723-2-bhk-houses-villas-1200-sq-ft-in-edapally-kochi-iid-1816844419,1816844419
"₹ 85,000 2006 - 22 km All car ok all documents complete new ceat cover new tyre floor mating Balongi, Mohali Aug 15","₹ 85,000",2006 - 22 km,Aug 15,https://www.olx.in/item/cars-c84-used-maruti-suzuki-800-in-balongi-mohali-iid-1816830368,1816830368
"₹ 800 Alto Car Cover Kundil Nagar, Guwahati Aug 14",₹ 800,Alto Car Cover,Aug 14,https://www.olx.in/item/spare-parts-c1585-other-spare-parts-in-kundil-nagar-guwahati-iid-1816825584,1816825584
"₹ 24,12,900 1 BHK - 1 Bathroom - 795 sqft Mangadu 1 BHK Residential Flat for Sale with Covered Car Parking Mangadu, Chennai Aug 14","₹ 24,12,900",1 BHK - 1 Bathroom - 795 sqft,Aug 14,https://www.olx.in/item/for-sale-houses-apartments-c1725-1-bhk-apartments-795-sq-ft-in-mangadu-chennai-iid-1815573576,1815573576
"₹ 4,75,00,000 Ground floor only 2 BHK cover car park DAV girls High School opposite Mogappair, Chennai Aug 14","₹ 4,75,00,000","Mogappair, Chennai Aug 14",Aug 14,https://www.olx.in/item/lands-plots-c1729-for-sale-2037-sq-yd-in-mogappair-chennai-iid-1816765908,1816765908
"₹ 10,000 Covered car parking space Laxmi Nagar, Delhi Aug 14","₹ 10,000",Covered car parking space,Aug 14,https://www.olx.in/item/lands-plots-c1729-for-rent-162-sq-yd-in-laxmi-nagar-delhi-iid-1816753387,1816753387
"₹ 3,000 Scerpio car ka original so room wala cover sell kar na hai gadi sellho Hamu Nagar, Bilaspur Aug 14","₹ 3,000","Hamu Nagar, Bilaspur Aug 14",Aug 14,https://www.olx.in/item/spare-parts-c1585-other-spare-parts-in-hamu-nagar-bilaspur-iid-1816736327,1816736327
"₹ 800 Maruti Brezza- New Car Cover Rajarhat Chowmatha, Kolkata Aug 13",₹ 800,Maruti Brezza- New Car Cover,Aug 13,https://www.olx.in/item/spare-parts-c1585-other-spare-parts-in-rajarhat-chowmatha-kolkata-iid-1814983729,1814983729
"₹ 699 Car keys cover Amer, Jaipur Aug 12",₹ 699,Car keys cover,Aug 12,https://www.olx.in/item/spare-parts-c1585-other-spare-parts-in-amer-jaipur-iid-1816612341,1816612341
"₹ 38,00,000 2 BHK - 2 Bathroom - 0 sqft 2BHK Semi-Furnished Flat with Covered Car Park Urapakkam, Chennai Aug 12","₹ 38,00,000",2 BHK - 2 Bathroom - 0 sqft,Aug 12,https://www.olx.in/item/for-sale-houses-apartments-c1725-2-bhk-apartments-0-sq-ft-in-urapakkam-chennai-iid-1816600977,1816600977
"₹ 39,00,000 2 BHK Sq.ft.762 UDS.400 Ground floor covered car parking Year old 12 Madipakkam Bhagirathi Nagar, Chennai Aug 12","₹ 39,00,000","Madipakkam Bhagirathi Nagar, Chennai",Aug 12,https://www.olx.in/item/for-sale-houses-apartments-c1725-2-bhk-apartments-762-sq-ft-in-madipakkam-bhagirathi-nagar-chennai-iid-1816578143,1816578143
"₹ 3,000 Covered car parking available in my apartment Porur, Chennai Aug 12","₹ 3,000","Porur, Chennai Aug 12",Aug 12,https://www.olx.in/item/for-rent-shops-offices-c1731-00-sq-ft-in-porur-chennai-iid-1816539105,1816539105
"₹ 28,000 2 BHK - 2 Bathroom - 1000 sqft 2bhk Comercial flat rent car parking covered Bharti vidyapeeth katraj Katraj, Pune Aug 12","₹ 28,000",2 BHK - 2 Bathroom - 1000 sqft,Aug 12,https://www.olx.in/item/for-rent-houses-apartments-c1723-2-bhk-apartments-1000-sq-ft-in-katraj-pune-iid-1816518131,1816518131
"₹ 37,00,000 2 BHK - 2 Bathroom - 742 sqft Thiruvottiyur 2 BHK Flat for Sale with Covered Car Parking Tiruvottiyur, Chennai Aug 11","₹ 37,00,000",2 BHK - 2 Bathroom - 742 sqft,Aug 11,https://www.olx.in/item/for-sale-houses-apartments-c1725-2-bhk-apartments-742-sq-ft-in-tiruvottiyur-chennai-iid-1816506713,1816506713
"₹ 1,500 i10 magna car cover Uttam Nagar, Delhi Aug 11","₹ 1,500",i10 magna car cover,Aug 11,https://www.olx.in/item/spare-parts-c1585-other-spare-parts-in-uttam-nagar-delhi-iid-1816506206,1816506206
"₹ 1,200 Car cover , Naroda, Ahmedabad Aug 11","₹ 1,200","Car cover ,",Aug 11,https://www.olx.in/item/spare-parts-c1585-other-spare-parts-in-naroda-ahmedabad-iid-1816479763,1816479763
"₹ 15,000 2 BHK - 2 Bathroom - 910 sqft Semi Furnished 2 bedrooms with balcony and covered car parking Iyappanthangal EVP Park Avenue, Chennai Aug 11","₹ 15,000",2 BHK - 2 Bathroom - 910 sqft,Aug 11,https://www.olx.in/item/for-rent-houses-apartments-c1723-2-bhk-apartments-910-sq-ft-in-iyappanthangal-evp-park-avenue-chennai-iid-1816453713,1816453713
"₹ 2,500 Creta Car Cover Original Hyundai Pachim Dhaniram Pather, Hojai Aug 11","₹ 2,500",Creta Car Cover Original Hyundai,Aug 11,https://www.olx.in/item/spare-parts-c1585-other-spare-parts-in-pachim-dhaniram-pather-hojai-iid-1816423193,1816423193
"₹ 27,000 2 BHK - 2 Bathroom - 900 sqft Full furnished 2 BHK in Independent House with covered car parking Thergaon, Pune Aug 10","₹ 27,000",2 BHK - 2 Bathroom - 900 sqft,Aug 10,https://www.olx.in/item/for-rent-houses-apartments-c1723-2-bhk-houses-villas-900-sq-ft-in-thergaon-pune-iid-1816404651,1816404651
"₹ 2,500 Car seat cover Ambarnath, Ulhasnagar Aug 10","₹ 2,500",Car seat cover,Aug 10,https://www.olx.in/item/sofa-dining-c1593-car-seat-cover-in-ambarnath-ulhasnagar-iid-1809663184,1809663184
"Car seat cover Laal Ganesh, Guwahati Aug 10",,Car seat cover,Aug 10,https://www.olx.in/item/other-services-c625-car-seat-cover-in-laal-ganesh-guwahati-iid-1816381622,1816381622
"₹ 1,200 New WagonR car cover for sale West of Chord Road Stage 2 Mahalakshmipuram, Bengaluru Aug 10","₹ 1,200",Aug 10,Aug 10,https://www.olx.in/item/spare-parts-c1585-other-spare-parts-in-west-of-chord-road-stage-2-mahalakshmipuram-bengaluru-iid-1815683183,1815683183
"₹ 800 Car cover for Hyundai i-20 Ias Layout, Bengaluru Aug 09",₹ 800,Car cover for Hyundai i-20,Aug 09,https://www.olx.in/item/spare-parts-c1587-car-cover-for-hyundai-i-20-in-ias-layout-bengaluru-iid-1816292231,1816292231
"₹ 27,000 2 BHK - 2 Bathroom - 1700 sqft Individual house with covered car parking and ample space . Kumarasamypatti, Salem Aug 09","₹ 27,000",2 BHK - 2 Bathroom - 1700 sqft,Aug 09,https://www.olx.in/item/for-rent-houses-apartments-c1723-2-bhk-builder-floors-1700-sq-ft-in-kumarasamypatti-salem-iid-1816291112,1816291112
"₹ 3,800 Car seat cover vsp Seetamma Peta, Visakhapatnam Aug 09","₹ 3,800",Car seat cover vsp,Aug 09,https://www.olx.in/item/spare-parts-c1585-audio-other-accessories-in-seetamma-peta-visakhapatnam-iid-1816284523,1816284523
"₹ 1,000 Baleno car body cover Karingachira, Kochi Aug 09","₹ 1,000",Baleno car body cover,Aug 09,https://www.olx.in/item/spare-parts-c1585-other-spare-parts-in-karingachira-kochi-iid-1816276302,1816276302
"₹ 75,00,000 2 BHK - 2 Bathroom - 1356 sqft Ayanambakkam 2BHK Residential Flat for Sale with 2 Covered Car Parking Maduravoyal, Chennai Aug 09","₹ 75,00,000",2 BHK - 2 Bathroom - 1356 sqft,Aug 09,https://www.olx.in/item/for-sale-houses-apartments-c1725-2-bhk-apartments-1356-sq-ft-in-maduravoyal-chennai-iid-1815657763,1815657763
"new santro car cover Vivekanand Nagar, Mumbai Aug 09",,new santro car cover,Aug 09,https://www.olx.in/item/other-services-c625-new-santro-car-cover-in-vivekanand-nagar-mumbai-iid-1812654545,1812654545
"₹ 899 Skoda all cars and volkswagen all cars key cover Ramchandra Puram, Hyderabad Aug 08",₹ 899,"Ramchandra Puram, Hyderabad Aug 08",Aug 08,https://www.olx.in/item/spare-parts-c1587-skoda-all-cars-and-volkswagen-all-cars-key-cover-in-ramchandra-puram-hyderabad-iid-1816210516,1816210516
"₹ 35,000 3 BHK - 3 Bathroom - 00 sqft 3 bhk ground floor house with covered  car parking in tagore town Tagore Town, Allahabad Aug 08","₹ 35,000",3 BHK - 3 Bathroom - 00 sqft,Aug 08,https://www.olx.in/item/for-rent-houses-apartments-c1723-3-bhk-builder-floors-00-sq-ft-in-tagore-town-allahabad-iid-1689733523,1689733523
"₹ 28,000 3 BHK - 2 Bathroom - 1075 sqft Semi furnished 2.5bhk flat for Rent with covered car parking Kondhwa, Pune Aug 08","₹ 28,000",3 BHK - 2 Bathroom - 1075 sqft,Aug 08,https://www.olx.in/item/for-rent-houses-apartments-c1723-3-bhk-apartments-1075-sq-ft-in-kondhwa-pune-iid-1816155048,1816155048
"₹ 2,000 Car Cover For i20 Make 2017-2020 Bidanasi Sector 7, Cuttack Aug 08","₹ 2,000",Car Cover For i20 Make 2017-2020,Aug 08,https://www.olx.in/item/spare-parts-c1585-other-spare-parts-in-bidanasi-sector-7-cuttack-iid-1816150115,1816150115
"₹ 2,500 Bumper and car cover Renault kwid Perungudi Sandhya Nagar, Chennai Aug 08","₹ 2,500",Bumper and car cover Renault kwid,Aug 08,https://www.olx.in/item/spare-parts-c1585-other-spare-parts-in-perungudi-sandhya-nagar-chennai-iid-1816132985,1816132985
"₹ 2,100 Car Body cover for Chevrolet Tavera Valathur, Chakkarapalli Aug 08","₹ 2,100",Car Body cover for Chevrolet Tavera,Aug 08,https://www.olx.in/item/spare-parts-c1585-other-spare-parts-in-valathur-chakkarapalli-iid-1816132037,1816132037
"₹ 34,50,000 1 BHK - 1 Bathroom - 575 sqft 12 years old 1BHK with covered car parking Kovilambakkam Rose Nagar, Chennai Aug 07","₹ 34,50,000",1 BHK - 1 Bathroom - 575 sqft,Aug 07,https://www.olx.in/item/for-sale-houses-apartments-c1725-1-bhk-apartments-575-sq-ft-in-kovilambakkam-rose-nagar-chennai-iid-1816115548,1816115548
"₹ 800 Waterproof and scratch proof Kwid body cover or car cover Gachibowli, Hyderabad Aug 07",₹ 800,"Gachibowli, Hyderabad Aug 07",Aug 07,https://www.olx.in/item/spare-parts-c1585-other-spare-parts-in-gachibowli-hyderabad-iid-1816114644,1816114644
"₹ 850 Etios liva car cover Manickapuram, Palladam Aug 07",₹ 850,Etios liva car cover,Aug 07,https://www.olx.in/item/spare-parts-c1585-other-spare-parts-in-manickapuram-palladam-iid-1816100071,1816100071
"₹ 5,800 Car seat cover vsp Seetamma Peta, Visakhapatnam Aug 07","₹ 5,800",Car seat cover vsp,Aug 07,https://www.olx.in/item/spare-parts-c1585-audio-other-accessories-in-seetamma-peta-visakhapatnam-iid-1816097924,1816097924
"₹ 1,500 Tata Tiago car cover Hadapsar, Pune Aug 07","₹ 1,500","Hadapsar, Pune Aug 07",Aug 07,https://www.olx.in/item/spare-parts-c1585-other-spare-parts-in-hadapsar-pune-iid-1816045589,1816045589
"₹ 2,000 i10 Genuine Car cover Pulickalkavala, Kottayam Aug 07","₹ 2,000",i10 Genuine Car cover,Aug 07,https://www.olx.in/item/spare-parts-c1585-audio-other-accessories-in-pulickalkavala-kottayam-iid-1816041588,1816041588
"₹ 27,999 Fully furnished office space with covered car parking avait on rent Dhanori, Pune Aug 07","₹ 27,999","Dhanori, Pune Aug 07",Aug 07,https://www.olx.in/item/for-rent-shops-offices-c1731-417-sq-ft-in-dhanori-pune-iid-1815708615,1815708615
"₹ 50,00,000 2 BHK covered car park 30 feet road bank loan available Thiruvallur, Chennai Aug 07","₹ 50,00,000","Thiruvallur, Chennai Aug 07",Aug 07,https://www.olx.in/item/lands-plots-c1729-for-sale-1400-sq-yd-in-thiruvallur-chennai-iid-1812436679,1812436679
"₹ 51,00,000 30 feet road covered car park ground floor only 2BHK Salem and 51 lakh Veppampattu, Chennai Aug 07","₹ 51,00,000","Veppampattu, Chennai Aug 07",Aug 07,https://www.olx.in/item/lands-plots-c1729-for-sale-1400-sq-yd-in-veppampattu-chennai-iid-1816033502,1816033502
"₹ 1,000 Ritz car cover Bidrahalli, Bengaluru Aug 06","₹ 1,000",Ritz car cover,Aug 06,https://www.olx.in/item/spare-parts-c1585-other-spare-parts-in-bidrahalli-bengaluru-iid-1816013361,1816013361
"₹ 500 Small car cover Puthur, Chennai Aug 06",₹ 500,Small car cover,Aug 06,https://www.olx.in/item/other-household-items-c293-small-car-cover-in-puthur-chennai-iid-1814312723,1814312723
"₹ 3,000 Grand Vitara Car cover brand new maruti Suzuki Neredmet, Hyderabad Aug 06","₹ 3,000","Neredmet, Hyderabad Aug 06",Aug 06,https://www.olx.in/item/spare-parts-c1585-other-spare-parts-in-neredmet-hyderabad-iid-1815991775,1815991775
"₹ 65,000 3 BHK - 3 Bathroom - 1250 sqft 3 Side corner flat, fully ventilation, 2 balcony covered car parking Gautam Nagar, Delhi Aug 06","₹ 65,000",3 BHK - 3 Bathroom - 1250 sqft,Aug 06,https://www.olx.in/item/for-rent-houses-apartments-c1723-3-bhk-builder-floors-1250-sq-ft-in-gautam-nagar-delhi-iid-1815986041,1815986041
"₹ 399 All Cars Metalic Premium Key Cover Ramdas Nagar, Pune Aug 06",₹ 399,All Cars Metalic Premium Key Cover,Aug 06,https://www.olx.in/item/spare-parts-c1585-audio-other-accessories-in-ramdas-nagar-pune-iid-1815981962,1815981962
"₹ 15,000 2 BHK - 2 Bathroom - 1100 sqft 2BHK furnished vastu flat for rent with covered car parking Boduppal, Hyderabad Aug 06","₹ 15,000",2 BHK - 2 Bathroom - 1100 sqft,Aug 06,https://www.olx.in/item/for-rent-houses-apartments-c1723-2-bhk-apartments-1100-sq-ft-in-boduppal-hyderabad-iid-1815981970,1815981970
"₹ 800 Car cover Branded Kusum Vihar, Ranchi Aug 06",₹ 800,Car cover Branded,Aug 06,https://www.olx.in/item/spare-parts-c1585-other-spare-parts-in-kusum-vihar-ranchi-iid-1815973064,1815973064
"₹ 3,500 Premium Car seat cover Chandigarh Airport Area, Chandigarh Aug 06","₹ 3,500",Premium Car seat cover,Aug 06,https://www.olx.in/item/spare-parts-c1585-audio-other-accessories-in-chandigarh-airport-area-chandigarh-iid-1815945509,1815945509
"₹ 5,999 Breeza car wheels 4 with wheel cover new one only 10days used Sector 70, Noida Aug 06","₹ 5,999","Sector 70, Noida Aug 06",Aug 06,https://www.olx.in/item/spare-parts-c1585-wheels-tyres-in-sector-70-noida-iid-1815929146,1815929146
"₹ 6,500 Car seat cover I10 grand vsp Seetamma Peta, Visakhapatnam Aug 06","₹ 6,500",Car seat cover I10 grand vsp,Aug 06,https://www.olx.in/item/spare-parts-c1585-audio-other-accessories-in-seetamma-peta-visakhapatnam-iid-1801124439,1801124439
"₹ 27,000 3 BHK - 2 Bathroom - 1200 sqft 3BHK Apartment on rent with 1 covered car park Chennai, Tamil Nadu Aug 06","₹ 27,000",3 BHK - 2 Bathroom - 1200 sqft,Aug 06,https://www.olx.in/item/for-rent-houses-apartments-c1723-3-bhk-apartments-1200-sq-ft-in-chennai-tamil-nadu-iid-1815923424,1815923424
